<annotation>
            <folder>images</folder>
            <filename>11399_flash_02.jpg</filename>
            <path>/Users/studia/tensorflow/workspace/training_demo/images/11399_flash_02.jpg</path>
            <source>
                    <database>LegoSorterPGR</database>
            </source>
            <size>
                    <width>1397</width>
                    <height>1353</height>
                    <depth>3</depth>
            </size>
            <segmented>0</segmented>
            <object>
                    <name>lego</name>
                    <pose>Unspecified</pose>
                    <truncated>0</truncated>
                    <difficult>0</difficult>
                    <bndbox>
                            <xmin>371</xmin>
                            <ymin>259</ymin>
                            <xmax>1045</xmax>
                            <ymax>1040</ymax>
                    </bndbox>
            </object>
    </annotation>