<annotation>
	<folder>images</folder>
	<filename>11399_no_flash_01.jpg</filename>
	<path>/Users/studia/tensorflow/workspace/training_demo/images/11399_no_flash_01.jpg</path>
	<source>
		<database>Unknown</database>
	</source>
	<size>
		<width>680</width>
		<height>720</height>
		<depth>3</depth>
	</size>
	<segmented>0</segmented>
	<object>
		<name>lego</name>
		<pose>Unspecified</pose>
		<truncated>0</truncated>
		<difficult>0</difficult>
		<bndbox>
			<xmin>149</xmin>
			<ymin>143</ymin>
			<xmax>562</xmax>
			<ymax>568</ymax>
		</bndbox>
	</object>
</annotation>
