<annotation>
            <folder>images</folder>
            <filename>11399_flash_01.jpg</filename>
            <path>/Users/studia/tensorflow/workspace/training_demo/images/11399_flash_01.jpg</path>
            <source>
                    <database>LegoSorterPGR</database>
            </source>
            <size>
                    <width>1298</width>
                    <height>1265</height>
                    <depth>3</depth>
            </size>
            <segmented>0</segmented>
            <object>
                    <name>lego</name>
                    <pose>Unspecified</pose>
                    <truncated>0</truncated>
                    <difficult>0</difficult>
                    <bndbox>
                            <xmin>303</xmin>
                            <ymin>236</ymin>
                            <xmax>941</xmax>
                            <ymax>975</ymax>
                    </bndbox>
            </object>
    </annotation>