<annotation>
            <folder>images</folder>
            <filename>2419_flash_05.jpg</filename>
            <path>/Users/studia/tensorflow/workspace/training_demo/images/2419_flash_05.jpg</path>
            <source>
                    <database>LegoSorterPGR</database>
            </source>
            <size>
                    <width>1095</width>
                    <height>1105</height>
                    <depth>3</depth>
            </size>
            <segmented>0</segmented>
            <object>
                    <name>lego</name>
                    <pose>Unspecified</pose>
                    <truncated>0</truncated>
                    <difficult>0</difficult>
                    <bndbox>
                            <xmin>287</xmin>
                            <ymin>236</ymin>
                            <xmax>784</xmax>
                            <ymax>854</ymax>
                    </bndbox>
            </object>
    </annotation>