<annotation>
            <folder>images</folder>
            <filename>2419_no_flash_02.jpg</filename>
            <path>/Users/studia/tensorflow/workspace/training_demo/images/2419_no_flash_02.jpg</path>
            <source>
                    <database>LegoSorterPGR</database>
            </source>
            <size>
                    <width>708</width>
                    <height>736</height>
                    <depth>3</depth>
            </size>
            <segmented>0</segmented>
            <object>
                    <name>lego</name>
                    <pose>Unspecified</pose>
                    <truncated>0</truncated>
                    <difficult>0</difficult>
                    <bndbox>
                            <xmin>168</xmin>
                            <ymin>176</ymin>
                            <xmax>629</xmax>
                            <ymax>481</ymax>
                    </bndbox>
            </object>
    </annotation>