<annotation>
            <folder>images</folder>
            <filename>2419_flash_01.jpg</filename>
            <path>/Users/studia/tensorflow/workspace/training_demo/images/2419_flash_01.jpg</path>
            <source>
                    <database>LegoSorterPGR</database>
            </source>
            <size>
                    <width>1199</width>
                    <height>1199</height>
                    <depth>3</depth>
            </size>
            <segmented>0</segmented>
            <object>
                    <name>lego</name>
                    <pose>Unspecified</pose>
                    <truncated>0</truncated>
                    <difficult>0</difficult>
                    <bndbox>
                            <xmin>454</xmin>
                            <ymin>357</ymin>
                            <xmax>794</xmax>
                            <ymax>980</ymax>
                    </bndbox>
            </object>
    </annotation>