<annotation>
	<folder>images</folder>
	<filename>2419_no_flash_04.jpg</filename>
	<path>/Users/studia/tensorflow/workspace/training_demo/images/2419_no_flash_04.jpg</path>
	<source>
		<database>Unknown</database>
	</source>
	<size>
		<width>468</width>
		<height>464</height>
		<depth>3</depth>
	</size>
	<segmented>0</segmented>
	<object>
		<name>lego</name>
		<pose>Unspecified</pose>
		<truncated>0</truncated>
		<difficult>0</difficult>
		<bndbox>
			<xmin>65</xmin>
			<ymin>87</ymin>
			<xmax>437</xmax>
			<ymax>367</ymax>
		</bndbox>
	</object>
</annotation>
