<annotation>
            <folder>images</folder>
            <filename>2419_flash_06.jpg</filename>
            <path>/Users/studia/tensorflow/workspace/training_demo/images/2419_flash_06.jpg</path>
            <source>
                    <database>LegoSorterPGR</database>
            </source>
            <size>
                    <width>1117</width>
                    <height>1095</height>
                    <depth>3</depth>
            </size>
            <segmented>0</segmented>
            <object>
                    <name>lego</name>
                    <pose>Unspecified</pose>
                    <truncated>0</truncated>
                    <difficult>0</difficult>
                    <bndbox>
                            <xmin>289</xmin>
                            <ymin>204</ymin>
                            <xmax>713</xmax>
                            <ymax>888</ymax>
                    </bndbox>
            </object>
    </annotation>