<annotation>
            <folder>images</folder>
            <filename>2419_no_flash_01.jpg</filename>
            <path>/Users/studia/tensorflow/workspace/training_demo/images/2419_no_flash_01.jpg</path>
            <source>
                    <database>LegoSorterPGR</database>
            </source>
            <size>
                    <width>628</width>
                    <height>696</height>
                    <depth>3</depth>
            </size>
            <segmented>0</segmented>
            <object>
                    <name>lego</name>
                    <pose>Unspecified</pose>
                    <truncated>0</truncated>
                    <difficult>0</difficult>
                    <bndbox>
                            <xmin>169</xmin>
                            <ymin>140</ymin>
                            <xmax>445</xmax>
                            <ymax>593</ymax>
                    </bndbox>
            </object>
    </annotation>