<annotation>
            <folder>images</folder>
            <filename>2419_flash_03.jpg</filename>
            <path>/Users/studia/tensorflow/workspace/training_demo/images/2419_flash_03.jpg</path>
            <source>
                    <database>LegoSorterPGR</database>
            </source>
            <size>
                    <width>1166</width>
                    <height>1023</height>
                    <depth>3</depth>
            </size>
            <segmented>0</segmented>
            <object>
                    <name>lego</name>
                    <pose>Unspecified</pose>
                    <truncated>0</truncated>
                    <difficult>0</difficult>
                    <bndbox>
                            <xmin>397</xmin>
                            <ymin>148</ymin>
                            <xmax>772</xmax>
                            <ymax>804</ymax>
                    </bndbox>
            </object>
    </annotation>