<annotation>
	<folder>images</folder>
	<filename>2419_no_flash_03.jpg</filename>
	<path>/Users/studia/tensorflow/workspace/training_demo/images/2419_no_flash_03.jpg</path>
	<source>
		<database>Unknown</database>
	</source>
	<size>
		<width>564</width>
		<height>420</height>
		<depth>3</depth>
	</size>
	<segmented>0</segmented>
	<object>
		<name>lego</name>
		<pose>Unspecified</pose>
		<truncated>0</truncated>
		<difficult>0</difficult>
		<bndbox>
			<xmin>40</xmin>
			<ymin>94</ymin>
			<xmax>441</xmax>
			<ymax>312</ymax>
		</bndbox>
	</object>
</annotation>
