<annotation>
	<folder>images</folder>
	<filename>2450_no_flash_05.jpg</filename>
	<path>/Users/studia/tensorflow/workspace/training_demo/images/2450_no_flash_05.jpg</path>
	<source>
		<database>Unknown</database>
	</source>
	<size>
		<width>512</width>
		<height>420</height>
		<depth>3</depth>
	</size>
	<segmented>0</segmented>
	<object>
		<name>lego</name>
		<pose>Unspecified</pose>
		<truncated>0</truncated>
		<difficult>0</difficult>
		<bndbox>
			<xmin>186</xmin>
			<ymin>121</ymin>
			<xmax>409</xmax>
			<ymax>377</ymax>
		</bndbox>
	</object>
</annotation>
