<annotation>
            <folder>images</folder>
            <filename>2450_no_flash_04.jpg</filename>
            <path>/Users/studia/tensorflow/workspace/training_demo/images/2450_no_flash_04.jpg</path>
            <source>
                    <database>LegoSorterPGR</database>
            </source>
            <size>
                    <width>532</width>
                    <height>500</height>
                    <depth>3</depth>
            </size>
            <segmented>0</segmented>
            <object>
                    <name>lego</name>
                    <pose>Unspecified</pose>
                    <truncated>0</truncated>
                    <difficult>0</difficult>
                    <bndbox>
                            <xmin>122</xmin>
                            <ymin>106</ymin>
                            <xmax>375</xmax>
                            <ymax>407</ymax>
                    </bndbox>
            </object>
    </annotation>