<annotation>
	<folder>images</folder>
	<filename>2450_no_flash_06.jpg</filename>
	<path>/Users/studia/tensorflow/workspace/training_demo/images/2450_no_flash_06.jpg</path>
	<source>
		<database>Unknown</database>
	</source>
	<size>
		<width>384</width>
		<height>436</height>
		<depth>3</depth>
	</size>
	<segmented>0</segmented>
	<object>
		<name>lego</name>
		<pose>Unspecified</pose>
		<truncated>0</truncated>
		<difficult>0</difficult>
		<bndbox>
			<xmin>39</xmin>
			<ymin>66</ymin>
			<xmax>252</xmax>
			<ymax>327</ymax>
		</bndbox>
	</object>
</annotation>
