<annotation>
            <folder>images</folder>
            <filename>2450_flash_05.jpg</filename>
            <path>/Users/studia/tensorflow/workspace/training_demo/images/2450_flash_05.jpg</path>
            <source>
                    <database>LegoSorterPGR</database>
            </source>
            <size>
                    <width>1067</width>
                    <height>1023</height>
                    <depth>3</depth>
            </size>
            <segmented>0</segmented>
            <object>
                    <name>lego</name>
                    <pose>Unspecified</pose>
                    <truncated>0</truncated>
                    <difficult>0</difficult>
                    <bndbox>
                            <xmin>296</xmin>
                            <ymin>286</ymin>
                            <xmax>836</xmax>
                            <ymax>709</ymax>
                    </bndbox>
            </object>
    </annotation>