<annotation>
            <folder>images</folder>
            <filename>2450_flash_06.jpg</filename>
            <path>/Users/studia/tensorflow/workspace/training_demo/images/2450_flash_06.jpg</path>
            <source>
                    <database>LegoSorterPGR</database>
            </source>
            <size>
                    <width>1061</width>
                    <height>1084</height>
                    <depth>3</depth>
            </size>
            <segmented>0</segmented>
            <object>
                    <name>lego</name>
                    <pose>Unspecified</pose>
                    <truncated>0</truncated>
                    <difficult>0</difficult>
                    <bndbox>
                            <xmin>264</xmin>
                            <ymin>211</ymin>
                            <xmax>672</xmax>
                            <ymax>719</ymax>
                    </bndbox>
            </object>
    </annotation>