<annotation>
            <folder>images</folder>
            <filename>2450_flash_03.jpg</filename>
            <path>/Users/studia/tensorflow/workspace/training_demo/images/2450_flash_03.jpg</path>
            <source>
                    <database>LegoSorterPGR</database>
            </source>
            <size>
                    <width>1144</width>
                    <height>896</height>
                    <depth>3</depth>
            </size>
            <segmented>0</segmented>
            <object>
                    <name>lego</name>
                    <pose>Unspecified</pose>
                    <truncated>0</truncated>
                    <difficult>0</difficult>
                    <bndbox>
                            <xmin>374</xmin>
                            <ymin>127</ymin>
                            <xmax>756</xmax>
                            <ymax>545</ymax>
                    </bndbox>
            </object>
    </annotation>