<annotation>
            <folder>images</folder>
            <filename>2450_no_flash_01.jpg</filename>
            <path>/Users/studia/tensorflow/workspace/training_demo/images/2450_no_flash_01.jpg</path>
            <source>
                    <database>LegoSorterPGR</database>
            </source>
            <size>
                    <width>488</width>
                    <height>568</height>
                    <depth>3</depth>
            </size>
            <segmented>0</segmented>
            <object>
                    <name>lego</name>
                    <pose>Unspecified</pose>
                    <truncated>0</truncated>
                    <difficult>0</difficult>
                    <bndbox>
                            <xmin>128</xmin>
                            <ymin>170</ymin>
                            <xmax>393</xmax>
                            <ymax>483</ymax>
                    </bndbox>
            </object>
    </annotation>