<annotation>
            <folder>images</folder>
            <filename>2450_flash_04.jpg</filename>
            <path>/Users/studia/tensorflow/workspace/training_demo/images/2450_flash_04.jpg</path>
            <source>
                    <database>LegoSorterPGR</database>
            </source>
            <size>
                    <width>1073</width>
                    <height>1199</height>
                    <depth>3</depth>
            </size>
            <segmented>0</segmented>
            <object>
                    <name>lego</name>
                    <pose>Unspecified</pose>
                    <truncated>0</truncated>
                    <difficult>0</difficult>
                    <bndbox>
                            <xmin>275</xmin>
                            <ymin>382</ymin>
                            <xmax>661</xmax>
                            <ymax>899</ymax>
                    </bndbox>
            </object>
    </annotation>