<annotation>
            <folder>images</folder>
            <filename>2450_flash_08.jpg</filename>
            <path>/Users/studia/tensorflow/workspace/training_demo/images/2450_flash_08.jpg</path>
            <source>
                    <database>LegoSorterPGR</database>
            </source>
            <size>
                    <width>1292</width>
                    <height>1204</height>
                    <depth>3</depth>
            </size>
            <segmented>0</segmented>
            <object>
                    <name>lego</name>
                    <pose>Unspecified</pose>
                    <truncated>0</truncated>
                    <difficult>0</difficult>
                    <bndbox>
                            <xmin>413</xmin>
                            <ymin>277</ymin>
                            <xmax>862</xmax>
                            <ymax>840</ymax>
                    </bndbox>
            </object>
    </annotation>