<annotation>
	<folder>images</folder>
	<filename>3022_no_flash_07.jpg</filename>
	<path>/Users/studia/tensorflow/workspace/training_demo/images/3022_no_flash_07.jpg</path>
	<source>
		<database>Unknown</database>
	</source>
	<size>
		<width>364</width>
		<height>400</height>
		<depth>3</depth>
	</size>
	<segmented>0</segmented>
	<object>
		<name>lego</name>
		<pose>Unspecified</pose>
		<truncated>0</truncated>
		<difficult>0</difficult>
		<bndbox>
			<xmin>26</xmin>
			<ymin>51</ymin>
			<xmax>188</xmax>
			<ymax>219</ymax>
		</bndbox>
	</object>
</annotation>
