<annotation>
	<folder>images</folder>
	<filename>3022_no_flash_09.jpg</filename>
	<path>/Users/studia/tensorflow/workspace/training_demo/images/3022_no_flash_09.jpg</path>
	<source>
		<database>Unknown</database>
	</source>
	<size>
		<width>484</width>
		<height>340</height>
		<depth>3</depth>
	</size>
	<segmented>0</segmented>
	<object>
		<name>lego</name>
		<pose>Unspecified</pose>
		<truncated>0</truncated>
		<difficult>0</difficult>
		<bndbox>
			<xmin>136</xmin>
			<ymin>58</ymin>
			<xmax>331</xmax>
			<ymax>233</ymax>
		</bndbox>
	</object>
</annotation>
