<annotation>
            <folder>images</folder>
            <filename>3022_flash_11.jpg</filename>
            <path>/Users/studia/tensorflow/workspace/training_demo/images/3022_flash_11.jpg</path>
            <source>
                    <database>LegoSorterPGR</database>
            </source>
            <size>
                    <width>820</width>
                    <height>732</height>
                    <depth>3</depth>
            </size>
            <segmented>0</segmented>
            <object>
                    <name>lego</name>
                    <pose>Unspecified</pose>
                    <truncated>0</truncated>
                    <difficult>0</difficult>
                    <bndbox>
                            <xmin>192</xmin>
                            <ymin>120</ymin>
                            <xmax>530</xmax>
                            <ymax>460</ymax>
                    </bndbox>
            </object>
    </annotation>