<annotation>
	<folder>images</folder>
	<filename>3022_no_flash_05.jpg</filename>
	<path>/Users/studia/tensorflow/workspace/training_demo/images/3022_no_flash_05.jpg</path>
	<source>
		<database>Unknown</database>
	</source>
	<size>
		<width>280</width>
		<height>364</height>
		<depth>3</depth>
	</size>
	<segmented>0</segmented>
	<object>
		<name>lego</name>
		<pose>Unspecified</pose>
		<truncated>0</truncated>
		<difficult>0</difficult>
		<bndbox>
			<xmin>48</xmin>
			<ymin>91</ymin>
			<xmax>207</xmax>
			<ymax>247</ymax>
		</bndbox>
	</object>
</annotation>
