<annotation>
            <folder>images</folder>
            <filename>3022_flash_04.jpg</filename>
            <path>/Users/studia/tensorflow/workspace/training_demo/images/3022_flash_04.jpg</path>
            <source>
                    <database>LegoSorterPGR</database>
            </source>
            <size>
                    <width>868</width>
                    <height>816</height>
                    <depth>3</depth>
            </size>
            <segmented>0</segmented>
            <object>
                    <name>lego</name>
                    <pose>Unspecified</pose>
                    <truncated>0</truncated>
                    <difficult>0</difficult>
                    <bndbox>
                            <xmin>277</xmin>
                            <ymin>231</ymin>
                            <xmax>525</xmax>
                            <ymax>500</ymax>
                    </bndbox>
            </object>
    </annotation>