<annotation>
            <folder>images</folder>
            <filename>3022_flash_12.jpg</filename>
            <path>/Users/studia/tensorflow/workspace/training_demo/images/3022_flash_12.jpg</path>
            <source>
                    <database>LegoSorterPGR</database>
            </source>
            <size>
                    <width>704</width>
                    <height>640</height>
                    <depth>3</depth>
            </size>
            <segmented>0</segmented>
            <object>
                    <name>lego</name>
                    <pose>Unspecified</pose>
                    <truncated>0</truncated>
                    <difficult>0</difficult>
                    <bndbox>
                            <xmin>168</xmin>
                            <ymin>151</ymin>
                            <xmax>483</xmax>
                            <ymax>456</ymax>
                    </bndbox>
            </object>
    </annotation>