<annotation>
            <folder>images</folder>
            <filename>3031_no_flash_01.jpg</filename>
            <path>/Users/studia/tensorflow/workspace/training_demo/images/3031_no_flash_01.jpg</path>
            <source>
                    <database>LegoSorterPGR</database>
            </source>
            <size>
                    <width>604</width>
                    <height>632</height>
                    <depth>3</depth>
            </size>
            <segmented>0</segmented>
            <object>
                    <name>lego</name>
                    <pose>Unspecified</pose>
                    <truncated>0</truncated>
                    <difficult>0</difficult>
                    <bndbox>
                            <xmin>95</xmin>
                            <ymin>102</ymin>
                            <xmax>490</xmax>
                            <ymax>497</ymax>
                    </bndbox>
            </object>
    </annotation>