<annotation>
            <folder>images</folder>
            <filename>3031_flash_05.jpg</filename>
            <path>/Users/studia/tensorflow/workspace/training_demo/images/3031_flash_05.jpg</path>
            <source>
                    <database>LegoSorterPGR</database>
            </source>
            <size>
                    <width>1320</width>
                    <height>1172</height>
                    <depth>3</depth>
            </size>
            <segmented>0</segmented>
            <object>
                    <name>lego</name>
                    <pose>Unspecified</pose>
                    <truncated>0</truncated>
                    <difficult>0</difficult>
                    <bndbox>
                            <xmin>306</xmin>
                            <ymin>204</ymin>
                            <xmax>1014</xmax>
                            <ymax>913</ymax>
                    </bndbox>
            </object>
    </annotation>