<annotation>
            <folder>images</folder>
            <filename>3031_no_flash_02.jpg</filename>
            <path>/Users/studia/tensorflow/workspace/training_demo/images/3031_no_flash_02.jpg</path>
            <source>
                    <database>LegoSorterPGR</database>
            </source>
            <size>
                    <width>724</width>
                    <height>700</height>
                    <depth>3</depth>
            </size>
            <segmented>0</segmented>
            <object>
                    <name>lego</name>
                    <pose>Unspecified</pose>
                    <truncated>0</truncated>
                    <difficult>0</difficult>
                    <bndbox>
                            <xmin>195</xmin>
                            <ymin>129</ymin>
                            <xmax>603</xmax>
                            <ymax>538</ymax>
                    </bndbox>
            </object>
    </annotation>