<annotation>
            <folder>images</folder>
            <filename>3031_flash_07.jpg</filename>
            <path>/Users/studia/tensorflow/workspace/training_demo/images/3031_flash_07.jpg</path>
            <source>
                    <database>LegoSorterPGR</database>
            </source>
            <size>
                    <width>1067</width>
                    <height>1100</height>
                    <depth>3</depth>
            </size>
            <segmented>0</segmented>
            <object>
                    <name>lego</name>
                    <pose>Unspecified</pose>
                    <truncated>0</truncated>
                    <difficult>0</difficult>
                    <bndbox>
                            <xmin>190</xmin>
                            <ymin>188</ymin>
                            <xmax>870</xmax>
                            <ymax>881</ymax>
                    </bndbox>
            </object>
    </annotation>