<annotation>
            <folder>images</folder>
            <filename>3031_flash_12.jpg</filename>
            <path>/Users/studia/tensorflow/workspace/training_demo/images/3031_flash_12.jpg</path>
            <source>
                    <database>LegoSorterPGR</database>
            </source>
            <size>
                    <width>1259</width>
                    <height>1193</height>
                    <depth>3</depth>
            </size>
            <segmented>0</segmented>
            <object>
                    <name>lego</name>
                    <pose>Unspecified</pose>
                    <truncated>0</truncated>
                    <difficult>0</difficult>
                    <bndbox>
                            <xmin>278</xmin>
                            <ymin>254</ymin>
                            <xmax>924</xmax>
                            <ymax>884</ymax>
                    </bndbox>
            </object>
    </annotation>