<annotation>
	<folder>images</folder>
	<filename>3031_no_flash_08.jpg</filename>
	<path>/Users/studia/tensorflow/workspace/training_demo/images/3031_no_flash_08.jpg</path>
	<source>
		<database>Unknown</database>
	</source>
	<size>
		<width>460</width>
		<height>464</height>
		<depth>3</depth>
	</size>
	<segmented>0</segmented>
	<object>
		<name>lego</name>
		<pose>Unspecified</pose>
		<truncated>0</truncated>
		<difficult>0</difficult>
		<bndbox>
			<xmin>53</xmin>
			<ymin>53</ymin>
			<xmax>396</xmax>
			<ymax>394</ymax>
		</bndbox>
	</object>
</annotation>
