<annotation>
	<folder>images</folder>
	<filename>3031_no_flash_04.jpg</filename>
	<path>/Users/studia/tensorflow/workspace/training_demo/images/3031_no_flash_04.jpg</path>
	<source>
		<database>Unknown</database>
	</source>
	<size>
		<width>560</width>
		<height>528</height>
		<depth>3</depth>
	</size>
	<segmented>0</segmented>
	<object>
		<name>lego</name>
		<pose>Unspecified</pose>
		<truncated>0</truncated>
		<difficult>0</difficult>
		<bndbox>
			<xmin>86</xmin>
			<ymin>30</ymin>
			<xmax>422</xmax>
			<ymax>376</ymax>
		</bndbox>
	</object>
</annotation>
