<annotation>
            <folder>images</folder>
            <filename>3031_flash_03.jpg</filename>
            <path>/Users/studia/tensorflow/workspace/training_demo/images/3031_flash_03.jpg</path>
            <source>
                    <database>LegoSorterPGR</database>
            </source>
            <size>
                    <width>1172</width>
                    <height>1138</height>
                    <depth>3</depth>
            </size>
            <segmented>0</segmented>
            <object>
                    <name>lego</name>
                    <pose>Unspecified</pose>
                    <truncated>0</truncated>
                    <difficult>0</difficult>
                    <bndbox>
                            <xmin>270</xmin>
                            <ymin>175</ymin>
                            <xmax>822</xmax>
                            <ymax>784</ymax>
                    </bndbox>
            </object>
    </annotation>