<annotation>
	<folder>images</folder>
	<filename>30357_no_flash_04.jpg</filename>
	<path>/Users/studia/tensorflow/workspace/training_demo/images/30357_no_flash_04.jpg</path>
	<source>
		<database>Unknown</database>
	</source>
	<size>
		<width>540</width>
		<height>544</height>
		<depth>3</depth>
	</size>
	<segmented>0</segmented>
	<object>
		<name>lego</name>
		<pose>Unspecified</pose>
		<truncated>0</truncated>
		<difficult>0</difficult>
		<bndbox>
			<xmin>126</xmin>
			<ymin>141</ymin>
			<xmax>359</xmax>
			<ymax>372</ymax>
		</bndbox>
	</object>
</annotation>
