<annotation>
	<folder>images</folder>
	<filename>30357_no_flash_07.jpg</filename>
	<path>/Users/studia/tensorflow/workspace/training_demo/images/30357_no_flash_07.jpg</path>
	<source>
		<database>Unknown</database>
	</source>
	<size>
		<width>588</width>
		<height>604</height>
		<depth>3</depth>
	</size>
	<segmented>0</segmented>
	<object>
		<name>lego</name>
		<pose>Unspecified</pose>
		<truncated>0</truncated>
		<difficult>0</difficult>
		<bndbox>
			<xmin>173</xmin>
			<ymin>165</ymin>
			<xmax>397</xmax>
			<ymax>386</ymax>
		</bndbox>
	</object>
</annotation>
