<annotation>
	<folder>images</folder>
	<filename>30357_no_flash_08.jpg</filename>
	<path>/Users/studia/tensorflow/workspace/training_demo/images/30357_no_flash_08.jpg</path>
	<source>
		<database>Unknown</database>
	</source>
	<size>
		<width>524</width>
		<height>380</height>
		<depth>3</depth>
	</size>
	<segmented>0</segmented>
	<object>
		<name>lego</name>
		<pose>Unspecified</pose>
		<truncated>0</truncated>
		<difficult>0</difficult>
		<bndbox>
			<xmin>196</xmin>
			<ymin>102</ymin>
			<xmax>385</xmax>
			<ymax>306</ymax>
		</bndbox>
	</object>
</annotation>
