<annotation>
	<folder>images</folder>
	<filename>30357_no_flash_09.jpg</filename>
	<path>/Users/studia/tensorflow/workspace/training_demo/images/30357_no_flash_09.jpg</path>
	<source>
		<database>Unknown</database>
	</source>
	<size>
		<width>376</width>
		<height>400</height>
		<depth>3</depth>
	</size>
	<segmented>0</segmented>
	<object>
		<name>lego</name>
		<pose>Unspecified</pose>
		<truncated>0</truncated>
		<difficult>0</difficult>
		<bndbox>
			<xmin>51</xmin>
			<ymin>74</ymin>
			<xmax>274</xmax>
			<ymax>334</ymax>
		</bndbox>
	</object>
</annotation>
