<annotation>
            <folder>images</folder>
            <filename>30357_flash_09.jpg</filename>
            <path>/Users/studia/tensorflow/workspace/training_demo/images/30357_flash_09.jpg</path>
            <source>
                    <database>LegoSorterPGR</database>
            </source>
            <size>
                    <width>1216</width>
                    <height>1008</height>
                    <depth>3</depth>
            </size>
            <segmented>0</segmented>
            <object>
                    <name>lego</name>
                    <pose>Unspecified</pose>
                    <truncated>0</truncated>
                    <difficult>0</difficult>
                    <bndbox>
                            <xmin>356</xmin>
                            <ymin>206</ymin>
                            <xmax>896</xmax>
                            <ymax>853</ymax>
                    </bndbox>
            </object>
    </annotation>