<annotation>
	<folder>images</folder>
	<filename>30357_no_flash_06.jpg</filename>
	<path>/Users/studia/tensorflow/workspace/training_demo/images/30357_no_flash_06.jpg</path>
	<source>
		<database>Unknown</database>
	</source>
	<size>
		<width>456</width>
		<height>372</height>
		<depth>3</depth>
	</size>
	<segmented>0</segmented>
	<object>
		<name>lego</name>
		<pose>Unspecified</pose>
		<truncated>0</truncated>
		<difficult>0</difficult>
		<bndbox>
			<xmin>94</xmin>
			<ymin>95</ymin>
			<xmax>327</xmax>
			<ymax>361</ymax>
		</bndbox>
	</object>
</annotation>
