<annotation>
	<folder>images</folder>
	<filename>4070_no_flash_10.jpg</filename>
	<path>/Users/studia/tensorflow/workspace/training_demo/images/4070_no_flash_10.jpg</path>
	<source>
		<database>Unknown</database>
	</source>
	<size>
		<width>228</width>
		<height>220</height>
		<depth>3</depth>
	</size>
	<segmented>0</segmented>
	<object>
		<name>lego</name>
		<pose>Unspecified</pose>
		<truncated>0</truncated>
		<difficult>0</difficult>
		<bndbox>
			<xmin>70</xmin>
			<ymin>109</ymin>
			<xmax>180</xmax>
			<ymax>208</ymax>
		</bndbox>
	</object>
</annotation>
