<annotation>
	<folder>images</folder>
	<filename>4070_no_flash_09.jpg</filename>
	<path>/Users/studia/tensorflow/workspace/training_demo/images/4070_no_flash_09.jpg</path>
	<source>
		<database>Unknown</database>
	</source>
	<size>
		<width>440</width>
		<height>456</height>
		<depth>3</depth>
	</size>
	<segmented>0</segmented>
	<object>
		<name>lego</name>
		<pose>Unspecified</pose>
		<truncated>0</truncated>
		<difficult>0</difficult>
		<bndbox>
			<xmin>109</xmin>
			<ymin>176</ymin>
			<xmax>217</xmax>
			<ymax>281</ymax>
		</bndbox>
	</object>
</annotation>
