<annotation>
            <folder>images</folder>
            <filename>4070_flash_06.jpg</filename>
            <path>/Users/studia/tensorflow/workspace/training_demo/images/4070_flash_06.jpg</path>
            <source>
                    <database>LegoSorterPGR</database>
            </source>
            <size>
                    <width>940</width>
                    <height>990</height>
                    <depth>3</depth>
            </size>
            <segmented>0</segmented>
            <object>
                    <name>lego</name>
                    <pose>Unspecified</pose>
                    <truncated>0</truncated>
                    <difficult>0</difficult>
                    <bndbox>
                            <xmin>486</xmin>
                            <ymin>269</ymin>
                            <xmax>735</xmax>
                            <ymax>562</ymax>
                    </bndbox>
            </object>
    </annotation>