<annotation>
	<folder>images</folder>
	<filename>4070_flash_28.jpg</filename>
	<path>/Users/studia/tensorflow/workspace/training_demo/images/4070_flash_28.jpg</path>
	<source>
		<database>Unknown</database>
	</source>
	<size>
		<width>855</width>
		<height>896</height>
		<depth>3</depth>
	</size>
	<segmented>0</segmented>
	<object>
		<name>lego</name>
		<pose>Unspecified</pose>
		<truncated>0</truncated>
		<difficult>0</difficult>
		<bndbox>
			<xmin>380</xmin>
			<ymin>315</ymin>
			<xmax>645</xmax>
			<ymax>569</ymax>
		</bndbox>
	</object>
</annotation>
