<annotation>
	<folder>images</folder>
	<filename>4070_no_flash_06.jpg</filename>
	<path>/Users/studia/tensorflow/workspace/training_demo/images/4070_no_flash_06.jpg</path>
	<source>
		<database>Unknown</database>
	</source>
	<size>
		<width>448</width>
		<height>424</height>
		<depth>3</depth>
	</size>
	<segmented>0</segmented>
	<object>
		<name>lego</name>
		<pose>Unspecified</pose>
		<truncated>0</truncated>
		<difficult>0</difficult>
		<bndbox>
			<xmin>112</xmin>
			<ymin>143</ymin>
			<xmax>236</xmax>
			<ymax>218</ymax>
		</bndbox>
	</object>
</annotation>
