<annotation>
	<folder>images</folder>
	<filename>4070_flash_19.jpg</filename>
	<path>/Users/studia/tensorflow/workspace/training_demo/images/4070_flash_19.jpg</path>
	<source>
		<database>Unknown</database>
	</source>
	<size>
		<width>831</width>
		<height>853</height>
		<depth>3</depth>
	</size>
	<segmented>0</segmented>
	<object>
		<name>lego</name>
		<pose>Unspecified</pose>
		<truncated>0</truncated>
		<difficult>0</difficult>
		<bndbox>
			<xmin>297</xmin>
			<ymin>192</ymin>
			<xmax>571</xmax>
			<ymax>448</ymax>
		</bndbox>
	</object>
</annotation>
