<annotation>
            <folder>images</folder>
            <filename>4070_flash_21.jpg</filename>
            <path>/Users/studia/tensorflow/workspace/training_demo/images/4070_flash_21.jpg</path>
            <source>
                    <database>LegoSorterPGR</database>
            </source>
            <size>
                    <width>913</width>
                    <height>979</height>
                    <depth>3</depth>
            </size>
            <segmented>0</segmented>
            <object>
                    <name>lego</name>
                    <pose>Unspecified</pose>
                    <truncated>0</truncated>
                    <difficult>0</difficult>
                    <bndbox>
                            <xmin>214</xmin>
                            <ymin>256</ymin>
                            <xmax>527</xmax>
                            <ymax>561</ymax>
                    </bndbox>
            </object>
    </annotation>