<annotation>
            <folder>images</folder>
            <filename>41682_no_flash_04.jpg</filename>
            <path>/Users/studia/tensorflow/workspace/training_demo/images/41682_no_flash_04.jpg</path>
            <source>
                    <database>LegoSorterPGR</database>
            </source>
            <size>
                    <width>962</width>
                    <height>951</height>
                    <depth>3</depth>
            </size>
            <segmented>0</segmented>
            <object>
                    <name>lego</name>
                    <pose>Unspecified</pose>
                    <truncated>0</truncated>
                    <difficult>0</difficult>
                    <bndbox>
                            <xmin>240</xmin>
                            <ymin>247</ymin>
                            <xmax>618</xmax>
                            <ymax>599</ymax>
                    </bndbox>
            </object>
    </annotation>