<annotation>
            <folder>images</folder>
            <filename>41682_no_flash_01.jpg</filename>
            <path>/Users/studia/tensorflow/workspace/training_demo/images/41682_no_flash_01.jpg</path>
            <source>
                    <database>LegoSorterPGR</database>
            </source>
            <size>
                    <width>1166</width>
                    <height>979</height>
                    <depth>3</depth>
            </size>
            <segmented>0</segmented>
            <object>
                    <name>lego</name>
                    <pose>Unspecified</pose>
                    <truncated>0</truncated>
                    <difficult>0</difficult>
                    <bndbox>
                            <xmin>324</xmin>
                            <ymin>156</ymin>
                            <xmax>787</xmax>
                            <ymax>653</ymax>
                    </bndbox>
            </object>
    </annotation>