<annotation>
            <folder>images</folder>
            <filename>41682_no_flash_02.jpg</filename>
            <path>/Users/studia/tensorflow/workspace/training_demo/images/41682_no_flash_02.jpg</path>
            <source>
                    <database>LegoSorterPGR</database>
            </source>
            <size>
                    <width>1111</width>
                    <height>963</height>
                    <depth>3</depth>
            </size>
            <segmented>0</segmented>
            <object>
                    <name>lego</name>
                    <pose>Unspecified</pose>
                    <truncated>0</truncated>
                    <difficult>0</difficult>
                    <bndbox>
                            <xmin>354</xmin>
                            <ymin>307</ymin>
                            <xmax>764</xmax>
                            <ymax>758</ymax>
                    </bndbox>
            </object>
    </annotation>