<annotation>
	<folder>images</folder>
	<filename>41682_no_flash_05.jpg</filename>
	<path>/Users/studia/tensorflow/workspace/training_demo/images/41682_no_flash_05.jpg</path>
	<source>
		<database>Unknown</database>
	</source>
	<size>
		<width>1062</width>
		<height>880</height>
		<depth>3</depth>
	</size>
	<segmented>0</segmented>
	<object>
		<name>lego</name>
		<pose>Unspecified</pose>
		<truncated>0</truncated>
		<difficult>0</difficult>
		<bndbox>
			<xmin>317</xmin>
			<ymin>295</ymin>
			<xmax>629</xmax>
			<ymax>559</ymax>
		</bndbox>
	</object>
</annotation>
