<annotation>
	<folder>images</folder>
	<filename>44570_flash_03.jpg</filename>
	<path>/Users/studia/tensorflow/workspace/training_demo/images/44570_flash_03.jpg</path>
	<source>
		<database>Unknown</database>
	</source>
	<size>
		<width>1177</width>
		<height>1188</height>
		<depth>3</depth>
	</size>
	<segmented>0</segmented>
	<object>
		<name>lego</name>
		<pose>Unspecified</pose>
		<truncated>0</truncated>
		<difficult>0</difficult>
		<bndbox>
			<xmin>378</xmin>
			<ymin>225</ymin>
			<xmax>696</xmax>
			<ymax>908</ymax>
		</bndbox>
	</object>
</annotation>
