<annotation>
	<folder>images</folder>
	<filename>44570_no_flash_01.jpg</filename>
	<path>/Users/studia/tensorflow/workspace/training_demo/images/44570_no_flash_01.jpg</path>
	<source>
		<database>Unknown</database>
	</source>
	<size>
		<width>572</width>
		<height>448</height>
		<depth>3</depth>
	</size>
	<segmented>0</segmented>
	<object>
		<name>lego</name>
		<pose>Unspecified</pose>
		<truncated>0</truncated>
		<difficult>0</difficult>
		<bndbox>
			<xmin>137</xmin>
			<ymin>95</ymin>
			<xmax>433</xmax>
			<ymax>365</ymax>
		</bndbox>
	</object>
</annotation>
