<annotation>
            <folder>images</folder>
            <filename>44570_flash_02.jpg</filename>
            <path>/Users/studia/tensorflow/workspace/training_demo/images/44570_flash_02.jpg</path>
            <source>
                    <database>LegoSorterPGR</database>
            </source>
            <size>
                    <width>1403</width>
                    <height>1227</height>
                    <depth>3</depth>
            </size>
            <segmented>0</segmented>
            <object>
                    <name>lego</name>
                    <pose>Unspecified</pose>
                    <truncated>0</truncated>
                    <difficult>0</difficult>
                    <bndbox>
                            <xmin>298</xmin>
                            <ymin>191</ymin>
                            <xmax>1126</xmax>
                            <ymax>1032</ymax>
                    </bndbox>
            </object>
    </annotation>