<annotation>
            <folder>images</folder>
            <filename>44570_flash_01.jpg</filename>
            <path>/Users/studia/tensorflow/workspace/training_demo/images/44570_flash_01.jpg</path>
            <source>
                    <database>LegoSorterPGR</database>
            </source>
            <size>
                    <width>1309</width>
                    <height>1111</height>
                    <depth>3</depth>
            </size>
            <segmented>0</segmented>
            <object>
                    <name>lego</name>
                    <pose>Unspecified</pose>
                    <truncated>0</truncated>
                    <difficult>0</difficult>
                    <bndbox>
                            <xmin>301</xmin>
                            <ymin>167</ymin>
                            <xmax>1045</xmax>
                            <ymax>939</ymax>
                    </bndbox>
            </object>
    </annotation>