<annotation>
            <folder>images</folder>
            <filename>52107_no_flash_01.jpg</filename>
            <path>/Users/studia/tensorflow/workspace/training_demo/images/52107_no_flash_01.jpg</path>
            <source>
                    <database>LegoSorterPGR</database>
            </source>
            <size>
                    <width>1100</width>
                    <height>1017</height>
                    <depth>3</depth>
            </size>
            <segmented>0</segmented>
            <object>
                    <name>lego</name>
                    <pose>Unspecified</pose>
                    <truncated>0</truncated>
                    <difficult>0</difficult>
                    <bndbox>
                            <xmin>320</xmin>
                            <ymin>176</ymin>
                            <xmax>628</xmax>
                            <ymax>627</ymax>
                    </bndbox>
            </object>
    </annotation>