<annotation>
            <folder>images</folder>
            <filename>52107_no_flash_05.jpg</filename>
            <path>/Users/studia/tensorflow/workspace/training_demo/images/52107_no_flash_05.jpg</path>
            <source>
                    <database>LegoSorterPGR</database>
            </source>
            <size>
                    <width>985</width>
                    <height>919</height>
                    <depth>3</depth>
            </size>
            <segmented>0</segmented>
            <object>
                    <name>lego</name>
                    <pose>Unspecified</pose>
                    <truncated>0</truncated>
                    <difficult>0</difficult>
                    <bndbox>
                            <xmin>352</xmin>
                            <ymin>244</ymin>
                            <xmax>702</xmax>
                            <ymax>546</ymax>
                    </bndbox>
            </object>
    </annotation>