<annotation>
	<folder>images</folder>
	<filename>54384_no_flash_03.jpg</filename>
	<path>/Users/studia/tensorflow/workspace/training_demo/images/54384_no_flash_03.jpg</path>
	<source>
		<database>Unknown</database>
	</source>
	<size>
		<width>720</width>
		<height>592</height>
		<depth>3</depth>
	</size>
	<segmented>0</segmented>
	<object>
		<name>lego</name>
		<pose>Unspecified</pose>
		<truncated>0</truncated>
		<difficult>0</difficult>
		<bndbox>
			<xmin>200</xmin>
			<ymin>73</ymin>
			<xmax>552</xmax>
			<ymax>432</ymax>
		</bndbox>
	</object>
</annotation>
