<annotation>
            <folder>images</folder>
            <filename>54383_flash_02.jpg</filename>
            <path>/Users/studia/tensorflow/workspace/training_demo/images/54383_flash_02.jpg</path>
            <source>
                    <database>LegoSorterPGR</database>
            </source>
            <size>
                    <width>1243</width>
                    <height>1210</height>
                    <depth>3</depth>
            </size>
            <segmented>0</segmented>
            <object>
                    <name>lego</name>
                    <pose>Unspecified</pose>
                    <truncated>0</truncated>
                    <difficult>0</difficult>
                    <bndbox>
                            <xmin>302</xmin>
                            <ymin>171</ymin>
                            <xmax>798</xmax>
                            <ymax>1065</ymax>
                    </bndbox>
            </object>
    </annotation>