<annotation>
            <folder>images</folder>
            <filename>54383_flash_03.jpg</filename>
            <path>/Users/studia/tensorflow/workspace/training_demo/images/54383_flash_03.jpg</path>
            <source>
                    <database>LegoSorterPGR</database>
            </source>
            <size>
                    <width>1264</width>
                    <height>1196</height>
                    <depth>3</depth>
            </size>
            <segmented>0</segmented>
            <object>
                    <name>lego</name>
                    <pose>Unspecified</pose>
                    <truncated>0</truncated>
                    <difficult>0</difficult>
                    <bndbox>
                            <xmin>245</xmin>
                            <ymin>92</ymin>
                            <xmax>1090</xmax>
                            <ymax>1016</ymax>
                    </bndbox>
            </object>
    </annotation>