<annotation>
	<folder>images</folder>
	<filename>54384_flash_06.jpg</filename>
	<path>/Users/studia/tensorflow/workspace/training_demo/images/54384_flash_06.jpg</path>
	<source>
		<database>Unknown</database>
	</source>
	<size>
		<width>1300</width>
		<height>988</height>
		<depth>3</depth>
	</size>
	<segmented>0</segmented>
	<object>
		<name>lego</name>
		<pose>Unspecified</pose>
		<truncated>0</truncated>
		<difficult>0</difficult>
		<bndbox>
			<xmin>299</xmin>
			<ymin>206</ymin>
			<xmax>1153</xmax>
			<ymax>714</ymax>
		</bndbox>
	</object>
</annotation>
