<annotation>
            <folder>images</folder>
            <filename>54384_flash_03.jpg</filename>
            <path>/Users/studia/tensorflow/workspace/training_demo/images/54384_flash_03.jpg</path>
            <source>
                    <database>LegoSorterPGR</database>
            </source>
            <size>
                    <width>1108</width>
                    <height>1076</height>
                    <depth>3</depth>
            </size>
            <segmented>0</segmented>
            <object>
                    <name>lego</name>
                    <pose>Unspecified</pose>
                    <truncated>0</truncated>
                    <difficult>0</difficult>
                    <bndbox>
                            <xmin>304</xmin>
                            <ymin>67</ymin>
                            <xmax>792</xmax>
                            <ymax>926</ymax>
                    </bndbox>
            </object>
    </annotation>