<annotation>
	<folder>images</folder>
	<filename>54383_no_flash_01.jpg</filename>
	<path>/Users/studia/tensorflow/workspace/training_demo/images/54383_no_flash_01.jpg</path>
	<source>
		<database>Unknown</database>
	</source>
	<size>
		<width>712</width>
		<height>576</height>
		<depth>3</depth>
	</size>
	<segmented>0</segmented>
	<object>
		<name>lego</name>
		<pose>Unspecified</pose>
		<truncated>0</truncated>
		<difficult>0</difficult>
		<bndbox>
			<xmin>176</xmin>
			<ymin>77</ymin>
			<xmax>625</xmax>
			<ymax>407</ymax>
		</bndbox>
	</object>
</annotation>
