<annotation>
	<folder>images</folder>
	<filename>54384_no_flash_01.jpg</filename>
	<path>/Users/studia/tensorflow/workspace/training_demo/images/54384_no_flash_01.jpg</path>
	<source>
		<database>Unknown</database>
	</source>
	<size>
		<width>604</width>
		<height>544</height>
		<depth>3</depth>
	</size>
	<segmented>0</segmented>
	<object>
		<name>lego</name>
		<pose>Unspecified</pose>
		<truncated>0</truncated>
		<difficult>0</difficult>
		<bndbox>
			<xmin>146</xmin>
			<ymin>190</ymin>
			<xmax>558</xmax>
			<ymax>487</ymax>
		</bndbox>
	</object>
</annotation>
