<annotation>
	<folder>images</folder>
	<filename>54383_no_flash_02.jpg</filename>
	<path>/Users/studia/tensorflow/workspace/training_demo/images/54383_no_flash_02.jpg</path>
	<source>
		<database>Unknown</database>
	</source>
	<size>
		<width>652</width>
		<height>632</height>
		<depth>3</depth>
	</size>
	<segmented>0</segmented>
	<object>
		<name>lego</name>
		<pose>Unspecified</pose>
		<truncated>0</truncated>
		<difficult>0</difficult>
		<bndbox>
			<xmin>4</xmin>
			<ymin>205</ymin>
			<xmax>479</xmax>
			<ymax>437</ymax>
		</bndbox>
	</object>
</annotation>
