<annotation>
            <folder>images</folder>
            <filename>54383_flash_05.jpg</filename>
            <path>/Users/studia/tensorflow/workspace/training_demo/images/54383_flash_05.jpg</path>
            <source>
                    <database>LegoSorterPGR</database>
            </source>
            <size>
                    <width>1040</width>
                    <height>1108</height>
                    <depth>3</depth>
            </size>
            <segmented>0</segmented>
            <object>
                    <name>lego</name>
                    <pose>Unspecified</pose>
                    <truncated>0</truncated>
                    <difficult>0</difficult>
                    <bndbox>
                            <xmin>329</xmin>
                            <ymin>166</ymin>
                            <xmax>785</xmax>
                            <ymax>950</ymax>
                    </bndbox>
            </object>
    </annotation>