<annotation>
            <folder>images</folder>
            <filename>54383_flash_06.jpg</filename>
            <path>/Users/studia/tensorflow/workspace/training_demo/images/54383_flash_06.jpg</path>
            <source>
                    <database>LegoSorterPGR</database>
            </source>
            <size>
                    <width>1384</width>
                    <height>1216</height>
                    <depth>3</depth>
            </size>
            <segmented>0</segmented>
            <object>
                    <name>lego</name>
                    <pose>Unspecified</pose>
                    <truncated>0</truncated>
                    <difficult>0</difficult>
                    <bndbox>
                            <xmin>464</xmin>
                            <ymin>106</ymin>
                            <xmax>920</xmax>
                            <ymax>1079</ymax>
                    </bndbox>
            </object>
    </annotation>