<annotation>
            <folder>images</folder>
            <filename>54384_flash_07.jpg</filename>
            <path>/Users/studia/tensorflow/workspace/training_demo/images/54384_flash_07.jpg</path>
            <source>
                    <database>LegoSorterPGR</database>
            </source>
            <size>
                    <width>1826</width>
                    <height>1513</height>
                    <depth>3</depth>
            </size>
            <segmented>0</segmented>
            <object>
                    <name>lego</name>
                    <pose>Unspecified</pose>
                    <truncated>0</truncated>
                    <difficult>0</difficult>
                    <bndbox>
                            <xmin>176</xmin>
                            <ymin>202</ymin>
                            <xmax>1695</xmax>
                            <ymax>979</ymax>
                    </bndbox>
            </object>
    </annotation>