<annotation>
	<folder>images</folder>
	<filename>54384_no_flash_05.jpg</filename>
	<path>/Users/studia/tensorflow/workspace/training_demo/images/54384_no_flash_05.jpg</path>
	<source>
		<database>Unknown</database>
	</source>
	<size>
		<width>648</width>
		<height>608</height>
		<depth>3</depth>
	</size>
	<segmented>0</segmented>
	<object>
		<name>lego</name>
		<pose>Unspecified</pose>
		<truncated>0</truncated>
		<difficult>0</difficult>
		<bndbox>
			<xmin>161</xmin>
			<ymin>88</ymin>
			<xmax>489</xmax>
			<ymax>441</ymax>
		</bndbox>
	</object>
</annotation>
