<annotation>
	<folder>images</folder>
	<filename>54384_flash_05.jpg</filename>
	<path>/Users/studia/tensorflow/workspace/training_demo/images/54384_flash_05.jpg</path>
	<source>
		<database>Unknown</database>
	</source>
	<size>
		<width>1272</width>
		<height>1060</height>
		<depth>3</depth>
	</size>
	<segmented>0</segmented>
	<object>
		<name>lego</name>
		<pose>Unspecified</pose>
		<truncated>0</truncated>
		<difficult>0</difficult>
		<bndbox>
			<xmin>176</xmin>
			<ymin>208</ymin>
			<xmax>1116</xmax>
			<ymax>751</ymax>
		</bndbox>
	</object>
</annotation>
