<annotation>
	<folder>images</folder>
	<filename>54383_no_flash_05.jpg</filename>
	<path>/Users/studia/tensorflow/workspace/training_demo/images/54383_no_flash_05.jpg</path>
	<source>
		<database>Unknown</database>
	</source>
	<size>
		<width>408</width>
		<height>592</height>
		<depth>3</depth>
	</size>
	<segmented>0</segmented>
	<object>
		<name>lego</name>
		<pose>Unspecified</pose>
		<truncated>0</truncated>
		<difficult>0</difficult>
		<bndbox>
			<xmin>57</xmin>
			<ymin>104</ymin>
			<xmax>245</xmax>
			<ymax>499</ymax>
		</bndbox>
	</object>
</annotation>
