<annotation>
            <folder>images</folder>
            <filename>54383_flash_04.jpg</filename>
            <path>/Users/studia/tensorflow/workspace/training_demo/images/54383_flash_04.jpg</path>
            <source>
                    <database>LegoSorterPGR</database>
            </source>
            <size>
                    <width>1080</width>
                    <height>864</height>
                    <depth>3</depth>
            </size>
            <segmented>0</segmented>
            <object>
                    <name>lego</name>
                    <pose>Unspecified</pose>
                    <truncated>0</truncated>
                    <difficult>0</difficult>
                    <bndbox>
                            <xmin>240</xmin>
                            <ymin>176</ymin>
                            <xmax>985</xmax>
                            <ymax>522</ymax>
                    </bndbox>
            </object>
    </annotation>