<annotation>
	<folder>images</folder>
	<filename>64799_no_flash_01.jpg</filename>
	<path>/Users/studia/tensorflow/workspace/training_demo/images/64799_no_flash_01.jpg</path>
	<source>
		<database>Unknown</database>
	</source>
	<size>
		<width>520</width>
		<height>596</height>
		<depth>3</depth>
	</size>
	<segmented>0</segmented>
	<object>
		<name>lego</name>
		<pose>Unspecified</pose>
		<truncated>0</truncated>
		<difficult>0</difficult>
		<bndbox>
			<xmin>84</xmin>
			<ymin>96</ymin>
			<xmax>464</xmax>
			<ymax>471</ymax>
		</bndbox>
	</object>
</annotation>
