<annotation>
	<folder>images</folder>
	<filename>64799_no_flash_04.jpg</filename>
	<path>/Users/studia/tensorflow/workspace/training_demo/images/64799_no_flash_04.jpg</path>
	<source>
		<database>Unknown</database>
	</source>
	<size>
		<width>472</width>
		<height>440</height>
		<depth>3</depth>
	</size>
	<segmented>0</segmented>
	<object>
		<name>lego</name>
		<pose>Unspecified</pose>
		<truncated>0</truncated>
		<difficult>0</difficult>
		<bndbox>
			<xmin>100</xmin>
			<ymin>88</ymin>
			<xmax>373</xmax>
			<ymax>362</ymax>
		</bndbox>
	</object>
</annotation>
