<annotation>
	<folder>images</folder>
	<filename>64799_flash_02.jpg</filename>
	<path>/Users/studia/tensorflow/workspace/training_demo/images/64799_flash_02.jpg</path>
	<source>
		<database>Unknown</database>
	</source>
	<size>
		<width>1391</width>
		<height>1386</height>
		<depth>3</depth>
	</size>
	<segmented>0</segmented>
	<object>
		<name>lego</name>
		<pose>Unspecified</pose>
		<truncated>0</truncated>
		<difficult>0</difficult>
		<bndbox>
			<xmin>276</xmin>
			<ymin>255</ymin>
			<xmax>1092</xmax>
			<ymax>1088</ymax>
		</bndbox>
	</object>
</annotation>
