<annotation>
	<folder>images</folder>
	<filename>64799_no_flash_03.jpg</filename>
	<path>/Users/studia/tensorflow/workspace/training_demo/images/64799_no_flash_03.jpg</path>
	<source>
		<database>Unknown</database>
	</source>
	<size>
		<width>604</width>
		<height>568</height>
		<depth>3</depth>
	</size>
	<segmented>0</segmented>
	<object>
		<name>lego</name>
		<pose>Unspecified</pose>
		<truncated>0</truncated>
		<difficult>0</difficult>
		<bndbox>
			<xmin>94</xmin>
			<ymin>11</ymin>
			<xmax>482</xmax>
			<ymax>381</ymax>
		</bndbox>
	</object>
</annotation>
