<annotation>
            <folder>images</folder>
            <filename>64799_flash_04.jpg</filename>
            <path>/Users/studia/tensorflow/workspace/training_demo/images/64799_flash_04.jpg</path>
            <source>
                    <database>LegoSorterPGR</database>
            </source>
            <size>
                    <width>1133</width>
                    <height>1172</height>
                    <depth>3</depth>
            </size>
            <segmented>0</segmented>
            <object>
                    <name>lego</name>
                    <pose>Unspecified</pose>
                    <truncated>0</truncated>
                    <difficult>0</difficult>
                    <bndbox>
                            <xmin>172</xmin>
                            <ymin>169</ymin>
                            <xmax>960</xmax>
                            <ymax>967</ymax>
                    </bndbox>
            </object>
    </annotation>