<annotation>
            <folder>images</folder>
            <filename>64799_flash_05.jpg</filename>
            <path>/Users/studia/tensorflow/workspace/training_demo/images/64799_flash_05.jpg</path>
            <source>
                    <database>LegoSorterPGR</database>
            </source>
            <size>
                    <width>1348</width>
                    <height>1254</height>
                    <depth>3</depth>
            </size>
            <segmented>0</segmented>
            <object>
                    <name>lego</name>
                    <pose>Unspecified</pose>
                    <truncated>0</truncated>
                    <difficult>0</difficult>
                    <bndbox>
                            <xmin>298</xmin>
                            <ymin>175</ymin>
                            <xmax>1081</xmax>
                            <ymax>953</ymax>
                    </bndbox>
            </object>
    </annotation>