<annotation>
	<folder>images</folder>
	<filename>64799_no_flash_02.jpg</filename>
	<path>/Users/studia/tensorflow/workspace/training_demo/images/64799_no_flash_02.jpg</path>
	<source>
		<database>Unknown</database>
	</source>
	<size>
		<width>628</width>
		<height>640</height>
		<depth>3</depth>
	</size>
	<segmented>0</segmented>
	<object>
		<name>lego</name>
		<pose>Unspecified</pose>
		<truncated>0</truncated>
		<difficult>0</difficult>
		<bndbox>
			<xmin>150</xmin>
			<ymin>101</ymin>
			<xmax>516</xmax>
			<ymax>468</ymax>
		</bndbox>
	</object>
</annotation>
