<annotation>
            <folder>images</folder>
            <filename>64799_flash_01.jpg</filename>
            <path>/Users/studia/tensorflow/workspace/training_demo/images/64799_flash_01.jpg</path>
            <source>
                    <database>LegoSorterPGR</database>
            </source>
            <size>
                    <width>1441</width>
                    <height>1336</height>
                    <depth>3</depth>
            </size>
            <segmented>0</segmented>
            <object>
                    <name>lego</name>
                    <pose>Unspecified</pose>
                    <truncated>0</truncated>
                    <difficult>0</difficult>
                    <bndbox>
                            <xmin>286</xmin>
                            <ymin>231</ymin>
                            <xmax>1174</xmax>
                            <ymax>1119</ymax>
                    </bndbox>
            </object>
    </annotation>