<annotation>
	<folder>images</folder>
	<filename>87609_flash_04.jpg</filename>
	<path>/Users/studia/tensorflow/workspace/training_demo/images/87609_flash_04.jpg</path>
	<source>
		<database>Unknown</database>
	</source>
	<size>
		<width>1089</width>
		<height>1045</height>
		<depth>3</depth>
	</size>
	<segmented>0</segmented>
	<object>
		<name>lego</name>
		<pose>Unspecified</pose>
		<truncated>0</truncated>
		<difficult>0</difficult>
		<bndbox>
			<xmin>207</xmin>
			<ymin>86</ymin>
			<xmax>836</xmax>
			<ymax>912</ymax>
		</bndbox>
	</object>
</annotation>
