<annotation>
	<folder>images</folder>
	<filename>87609_no_flash_06.jpg</filename>
	<path>/Users/studia/tensorflow/workspace/training_demo/images/87609_no_flash_06.jpg</path>
	<source>
		<database>Unknown</database>
	</source>
	<size>
		<width>580</width>
		<height>612</height>
		<depth>3</depth>
	</size>
	<segmented>0</segmented>
	<object>
		<name>lego</name>
		<pose>Unspecified</pose>
		<truncated>0</truncated>
		<difficult>0</difficult>
		<bndbox>
			<xmin>113</xmin>
			<ymin>62</ymin>
			<xmax>365</xmax>
			<ymax>458</ymax>
		</bndbox>
	</object>
</annotation>
