<annotation>
            <folder>images</folder>
            <filename>87609_flash_01.jpg</filename>
            <path>/Users/studia/tensorflow/workspace/training_demo/images/87609_flash_01.jpg</path>
            <source>
                    <database>LegoSorterPGR</database>
            </source>
            <size>
                    <width>1309</width>
                    <height>1166</height>
                    <depth>3</depth>
            </size>
            <segmented>0</segmented>
            <object>
                    <name>lego</name>
                    <pose>Unspecified</pose>
                    <truncated>0</truncated>
                    <difficult>0</difficult>
                    <bndbox>
                            <xmin>298</xmin>
                            <ymin>141</ymin>
                            <xmax>1033</xmax>
                            <ymax>772</ymax>
                    </bndbox>
            </object>
    </annotation>