<annotation>
            <folder>images</folder>
            <filename>87609_no_flash_02.jpg</filename>
            <path>/Users/studia/tensorflow/workspace/training_demo/images/87609_no_flash_02.jpg</path>
            <source>
                    <database>LegoSorterPGR</database>
            </source>
            <size>
                    <width>524</width>
                    <height>572</height>
                    <depth>3</depth>
            </size>
            <segmented>0</segmented>
            <object>
                    <name>lego</name>
                    <pose>Unspecified</pose>
                    <truncated>0</truncated>
                    <difficult>0</difficult>
                    <bndbox>
                            <xmin>75</xmin>
                            <ymin>100</ymin>
                            <xmax>461</xmax>
                            <ymax>511</ymax>
                    </bndbox>
            </object>
    </annotation>