<annotation>
	<folder>images</folder>
	<filename>87609_no_flash_05.jpg</filename>
	<path>/Users/studia/tensorflow/workspace/training_demo/images/87609_no_flash_05.jpg</path>
	<source>
		<database>Unknown</database>
	</source>
	<size>
		<width>576</width>
		<height>600</height>
		<depth>3</depth>
	</size>
	<segmented>0</segmented>
	<object>
		<name>lego</name>
		<pose>Unspecified</pose>
		<truncated>0</truncated>
		<difficult>0</difficult>
		<bndbox>
			<xmin>197</xmin>
			<ymin>82</ymin>
			<xmax>372</xmax>
			<ymax>470</ymax>
		</bndbox>
	</object>
</annotation>
