<annotation>
	<folder>images</folder>
	<filename>87609_no_flash_04.jpg</filename>
	<path>/Users/studia/tensorflow/workspace/training_demo/images/87609_no_flash_04.jpg</path>
	<source>
		<database>Unknown</database>
	</source>
	<size>
		<width>592</width>
		<height>576</height>
		<depth>3</depth>
	</size>
	<segmented>0</segmented>
	<object>
		<name>lego</name>
		<pose>Unspecified</pose>
		<truncated>0</truncated>
		<difficult>0</difficult>
		<bndbox>
			<xmin>88</xmin>
			<ymin>61</ymin>
			<xmax>419</xmax>
			<ymax>432</ymax>
		</bndbox>
	</object>
</annotation>
