<annotation>
	<folder>images</folder>
	<filename>87609_flash_03.jpg</filename>
	<path>/Users/studia/tensorflow/workspace/training_demo/images/87609_flash_03.jpg</path>
	<source>
		<database>Unknown</database>
	</source>
	<size>
		<width>1083</width>
		<height>1166</height>
		<depth>3</depth>
	</size>
	<segmented>0</segmented>
	<object>
		<name>lego</name>
		<pose>Unspecified</pose>
		<truncated>0</truncated>
		<difficult>0</difficult>
		<bndbox>
			<xmin>281</xmin>
			<ymin>111</ymin>
			<xmax>839</xmax>
			<ymax>934</ymax>
		</bndbox>
	</object>
</annotation>
