<annotation>
	<folder>images</folder>
	<filename>93274_no_flash_03.jpg</filename>
	<path>/Users/studia/tensorflow/workspace/training_demo/images/93274_no_flash_03.jpg</path>
	<source>
		<database>Unknown</database>
	</source>
	<size>
		<width>656</width>
		<height>476</height>
		<depth>3</depth>
	</size>
	<segmented>0</segmented>
	<object>
		<name>lego</name>
		<pose>Unspecified</pose>
		<truncated>0</truncated>
		<difficult>0</difficult>
		<bndbox>
			<xmin>221</xmin>
			<ymin>133</ymin>
			<xmax>447</xmax>
			<ymax>429</ymax>
		</bndbox>
	</object>
</annotation>
