<annotation>
	<folder>images</folder>
	<filename>93274_no_flash_02.jpg</filename>
	<path>/Users/studia/tensorflow/workspace/training_demo/images/93274_no_flash_02.jpg</path>
	<source>
		<database>Unknown</database>
	</source>
	<size>
		<width>528</width>
		<height>588</height>
		<depth>3</depth>
	</size>
	<segmented>0</segmented>
	<object>
		<name>lego</name>
		<pose>Unspecified</pose>
		<truncated>0</truncated>
		<difficult>0</difficult>
		<bndbox>
			<xmin>157</xmin>
			<ymin>93</ymin>
			<xmax>343</xmax>
			<ymax>389</ymax>
		</bndbox>
	</object>
</annotation>
