<annotation>
	<folder>images</folder>
	<filename>93274_no_flash_06.jpg</filename>
	<path>/Users/studia/tensorflow/workspace/training_demo/images/93274_no_flash_06.jpg</path>
	<source>
		<database>Unknown</database>
	</source>
	<size>
		<width>624</width>
		<height>668</height>
		<depth>3</depth>
	</size>
	<segmented>0</segmented>
	<object>
		<name>lego</name>
		<pose>Unspecified</pose>
		<truncated>0</truncated>
		<difficult>0</difficult>
		<bndbox>
			<xmin>137</xmin>
			<ymin>293</ymin>
			<xmax>410</xmax>
			<ymax>484</ymax>
		</bndbox>
	</object>
</annotation>
