<annotation>
	<folder>images</folder>
	<filename>93274_no_flash_08.jpg</filename>
	<path>/Users/studia/tensorflow/workspace/training_demo/images/93274_no_flash_08.jpg</path>
	<source>
		<database>Unknown</database>
	</source>
	<size>
		<width>368</width>
		<height>408</height>
		<depth>3</depth>
	</size>
	<segmented>0</segmented>
	<object>
		<name>lego</name>
		<pose>Unspecified</pose>
		<truncated>0</truncated>
		<difficult>0</difficult>
		<bndbox>
			<xmin>46</xmin>
			<ymin>162</ymin>
			<xmax>296</xmax>
			<ymax>312</ymax>
		</bndbox>
	</object>
</annotation>
