<annotation>
            <folder>images</folder>
            <filename>93274_flash_08.jpg</filename>
            <path>/Users/studia/tensorflow/workspace/training_demo/images/93274_flash_08.jpg</path>
            <source>
                    <database>LegoSorterPGR</database>
            </source>
            <size>
                    <width>1358</width>
                    <height>1138</height>
                    <depth>3</depth>
            </size>
            <segmented>0</segmented>
            <object>
                    <name>lego</name>
                    <pose>Unspecified</pose>
                    <truncated>0</truncated>
                    <difficult>0</difficult>
                    <bndbox>
                            <xmin>268</xmin>
                            <ymin>263</ymin>
                            <xmax>1068</xmax>
                            <ymax>869</ymax>
                    </bndbox>
            </object>
    </annotation>