<annotation>
	<folder>images</folder>
	<filename>93274_no_flash_07.jpg</filename>
	<path>/Users/studia/tensorflow/workspace/training_demo/images/93274_no_flash_07.jpg</path>
	<source>
		<database>Unknown</database>
	</source>
	<size>
		<width>488</width>
		<height>572</height>
		<depth>3</depth>
	</size>
	<segmented>0</segmented>
	<object>
		<name>lego</name>
		<pose>Unspecified</pose>
		<truncated>0</truncated>
		<difficult>0</difficult>
		<bndbox>
			<xmin>124</xmin>
			<ymin>89</ymin>
			<xmax>298</xmax>
			<ymax>347</ymax>
		</bndbox>
	</object>
</annotation>
