<annotation>
            <folder>images</folder>
            <filename>93274_flash_02.jpg</filename>
            <path>/Users/studia/tensorflow/workspace/training_demo/images/93274_flash_02.jpg</path>
            <source>
                    <database>LegoSorterPGR</database>
            </source>
            <size>
                    <width>1127</width>
                    <height>1006</height>
                    <depth>3</depth>
            </size>
            <segmented>0</segmented>
            <object>
                    <name>lego</name>
                    <pose>Unspecified</pose>
                    <truncated>0</truncated>
                    <difficult>0</difficult>
                    <bndbox>
                            <xmin>229</xmin>
                            <ymin>125</ymin>
                            <xmax>875</xmax>
                            <ymax>688</ymax>
                    </bndbox>
            </object>
    </annotation>