<annotation>
            <folder>images</folder>
            <filename>93274_flash_09.jpg</filename>
            <path>/Users/studia/tensorflow/workspace/training_demo/images/93274_flash_09.jpg</path>
            <source>
                    <database>LegoSorterPGR</database>
            </source>
            <size>
                    <width>990</width>
                    <height>1018</height>
                    <depth>3</depth>
            </size>
            <segmented>0</segmented>
            <object>
                    <name>lego</name>
                    <pose>Unspecified</pose>
                    <truncated>0</truncated>
                    <difficult>0</difficult>
                    <bndbox>
                            <xmin>289</xmin>
                            <ymin>173</ymin>
                            <xmax>744</xmax>
                            <ymax>717</ymax>
                    </bndbox>
            </object>
    </annotation>