<annotation>
            <folder>images</folder>
            <filename>93274_flash_01.jpg</filename>
            <path>/Users/studia/tensorflow/workspace/training_demo/images/93274_flash_01.jpg</path>
            <source>
                    <database>LegoSorterPGR</database>
            </source>
            <size>
                    <width>1017</width>
                    <height>1073</height>
                    <depth>3</depth>
            </size>
            <segmented>0</segmented>
            <object>
                    <name>lego</name>
                    <pose>Unspecified</pose>
                    <truncated>0</truncated>
                    <difficult>0</difficult>
                    <bndbox>
                            <xmin>221</xmin>
                            <ymin>189</ymin>
                            <xmax>718</xmax>
                            <ymax>820</ymax>
                    </bndbox>
            </object>
    </annotation>