<annotation>
            <folder>images</folder>
            <filename>93274_flash_05.jpg</filename>
            <path>/Users/studia/tensorflow/workspace/training_demo/images/93274_flash_05.jpg</path>
            <source>
                    <database>LegoSorterPGR</database>
            </source>
            <size>
                    <width>1128</width>
                    <height>1067</height>
                    <depth>3</depth>
            </size>
            <segmented>0</segmented>
            <object>
                    <name>lego</name>
                    <pose>Unspecified</pose>
                    <truncated>0</truncated>
                    <difficult>0</difficult>
                    <bndbox>
                            <xmin>284</xmin>
                            <ymin>139</ymin>
                            <xmax>702</xmax>
                            <ymax>745</ymax>
                    </bndbox>
            </object>
    </annotation>