<annotation>
            <folder>images</folder>
            <filename>93274_flash_03.jpg</filename>
            <path>/Users/studia/tensorflow/workspace/training_demo/images/93274_flash_03.jpg</path>
            <source>
                    <database>LegoSorterPGR</database>
            </source>
            <size>
                    <width>1139</width>
                    <height>1045</height>
                    <depth>3</depth>
            </size>
            <segmented>0</segmented>
            <object>
                    <name>lego</name>
                    <pose>Unspecified</pose>
                    <truncated>0</truncated>
                    <difficult>0</difficult>
                    <bndbox>
                            <xmin>342</xmin>
                            <ymin>138</ymin>
                            <xmax>758</xmax>
                            <ymax>749</ymax>
                    </bndbox>
            </object>
    </annotation>