<annotation>
	<folder>images</folder>
	<filename>99206_no_flash_03.jpg</filename>
	<path>/Users/studia/tensorflow/workspace/training_demo/images/99206_no_flash_03.jpg</path>
	<source>
		<database>Unknown</database>
	</source>
	<size>
		<width>348</width>
		<height>352</height>
		<depth>3</depth>
	</size>
	<segmented>0</segmented>
	<object>
		<name>lego</name>
		<pose>Unspecified</pose>
		<truncated>0</truncated>
		<difficult>0</difficult>
		<bndbox>
			<xmin>68</xmin>
			<ymin>14</ymin>
			<xmax>254</xmax>
			<ymax>193</ymax>
		</bndbox>
	</object>
</annotation>
