<annotation>
            <folder>images</folder>
            <filename>99206_flash_01.jpg</filename>
            <path>/Users/studia/tensorflow/workspace/training_demo/images/99206_flash_01.jpg</path>
            <source>
                    <database>LegoSorterPGR</database>
            </source>
            <size>
                    <width>968</width>
                    <height>1051</height>
                    <depth>3</depth>
            </size>
            <segmented>0</segmented>
            <object>
                    <name>lego</name>
                    <pose>Unspecified</pose>
                    <truncated>0</truncated>
                    <difficult>0</difficult>
                    <bndbox>
                            <xmin>250</xmin>
                            <ymin>295</ymin>
                            <xmax>692</xmax>
                            <ymax>724</ymax>
                    </bndbox>
            </object>
    </annotation>