<annotation>
	<folder>images</folder>
	<filename>99206_flash_04.jpg</filename>
	<path>/Users/studia/tensorflow/workspace/training_demo/images/99206_flash_04.jpg</path>
	<source>
		<database>Unknown</database>
	</source>
	<size>
		<width>847</width>
		<height>874</height>
		<depth>3</depth>
	</size>
	<segmented>0</segmented>
	<object>
		<name>lego</name>
		<pose>Unspecified</pose>
		<truncated>0</truncated>
		<difficult>0</difficult>
		<bndbox>
			<xmin>181</xmin>
			<ymin>199</ymin>
			<xmax>561</xmax>
			<ymax>564</ymax>
		</bndbox>
	</object>
</annotation>
