<annotation>
            <folder>images</folder>
            <filename>99206_flash_02.jpg</filename>
            <path>/Users/studia/tensorflow/workspace/training_demo/images/99206_flash_02.jpg</path>
            <source>
                    <database>LegoSorterPGR</database>
            </source>
            <size>
                    <width>853</width>
                    <height>924</height>
                    <depth>3</depth>
            </size>
            <segmented>0</segmented>
            <object>
                    <name>lego</name>
                    <pose>Unspecified</pose>
                    <truncated>0</truncated>
                    <difficult>0</difficult>
                    <bndbox>
                            <xmin>157</xmin>
                            <ymin>216</ymin>
                            <xmax>610</xmax>
                            <ymax>656</ymax>
                    </bndbox>
            </object>
    </annotation>