<annotation>
	<folder>images</folder>
	<filename>99781_no_flash_01.jpg</filename>
	<path>/Users/studia/tensorflow/workspace/training_demo/images/99781_no_flash_01.jpg</path>
	<source>
		<database>Unknown</database>
	</source>
	<size>
		<width>512</width>
		<height>428</height>
		<depth>3</depth>
	</size>
	<segmented>0</segmented>
	<object>
		<name>lego</name>
		<pose>Unspecified</pose>
		<truncated>0</truncated>
		<difficult>0</difficult>
		<bndbox>
			<xmin>147</xmin>
			<ymin>119</ymin>
			<xmax>306</xmax>
			<ymax>240</ymax>
		</bndbox>
	</object>
</annotation>
