<annotation>
	<folder>images</folder>
	<filename>99781_flash_03.jpg</filename>
	<path>/Users/studia/tensorflow/workspace/training_demo/images/99781_flash_03.jpg</path>
	<source>
		<database>Unknown</database>
	</source>
	<size>
		<width>869</width>
		<height>836</height>
		<depth>3</depth>
	</size>
	<segmented>0</segmented>
	<object>
		<name>lego</name>
		<pose>Unspecified</pose>
		<truncated>0</truncated>
		<difficult>0</difficult>
		<bndbox>
			<xmin>218</xmin>
			<ymin>188</ymin>
			<xmax>557</xmax>
			<ymax>530</ymax>
		</bndbox>
	</object>
</annotation>
