<annotation>
            <folder>images</folder>
            <filename>99781_flash_21.jpg</filename>
            <path>/Users/studia/tensorflow/workspace/training_demo/images/99781_flash_21.jpg</path>
            <source>
                    <database>LegoSorterPGR</database>
            </source>
            <size>
                    <width>963</width>
                    <height>753</height>
                    <depth>3</depth>
            </size>
            <segmented>0</segmented>
            <object>
                    <name>lego</name>
                    <pose>Unspecified</pose>
                    <truncated>0</truncated>
                    <difficult>0</difficult>
                    <bndbox>
                            <xmin>387</xmin>
                            <ymin>212</ymin>
                            <xmax>695</xmax>
                            <ymax>543</ymax>
                    </bndbox>
            </object>
    </annotation>