<annotation>
            <folder>images</folder>
            <filename>99781_flash_12.jpg</filename>
            <path>/Users/studia/tensorflow/workspace/training_demo/images/99781_flash_12.jpg</path>
            <source>
                    <database>LegoSorterPGR</database>
            </source>
            <size>
                    <width>847</width>
                    <height>984</height>
                    <depth>3</depth>
            </size>
            <segmented>0</segmented>
            <object>
                    <name>lego</name>
                    <pose>Unspecified</pose>
                    <truncated>0</truncated>
                    <difficult>0</difficult>
                    <bndbox>
                            <xmin>275</xmin>
                            <ymin>271</ymin>
                            <xmax>600</xmax>
                            <ymax>606</ymax>
                    </bndbox>
            </object>
    </annotation>