<annotation>
	<folder>images</folder>
	<filename>99781_flash_14.jpg</filename>
	<path>/Users/studia/tensorflow/workspace/training_demo/images/99781_flash_14.jpg</path>
	<source>
		<database>Unknown</database>
	</source>
	<size>
		<width>1023</width>
		<height>819</height>
		<depth>3</depth>
	</size>
	<segmented>0</segmented>
	<object>
		<name>lego</name>
		<pose>Unspecified</pose>
		<truncated>0</truncated>
		<difficult>0</difficult>
		<bndbox>
			<xmin>360</xmin>
			<ymin>224</ymin>
			<xmax>719</xmax>
			<ymax>557</ymax>
		</bndbox>
	</object>
</annotation>
