<annotation>
            <folder>images</folder>
            <filename>99781_flash_04.jpg</filename>
            <path>/Users/studia/tensorflow/workspace/training_demo/images/99781_flash_04.jpg</path>
            <source>
                    <database>LegoSorterPGR</database>
            </source>
            <size>
                    <width>789</width>
                    <height>930</height>
                    <depth>3</depth>
            </size>
            <segmented>0</segmented>
            <object>
                    <name>lego</name>
                    <pose>Unspecified</pose>
                    <truncated>0</truncated>
                    <difficult>0</difficult>
                    <bndbox>
                            <xmin>325</xmin>
                            <ymin>183</ymin>
                            <xmax>581</xmax>
                            <ymax>501</ymax>
                    </bndbox>
            </object>
    </annotation>