<annotation>
	<folder>images</folder>
	<filename>99781_no_flash_02.jpg</filename>
	<path>/Users/studia/tensorflow/workspace/training_demo/images/99781_no_flash_02.jpg</path>
	<source>
		<database>Unknown</database>
	</source>
	<size>
		<width>364</width>
		<height>472</height>
		<depth>3</depth>
	</size>
	<segmented>0</segmented>
	<object>
		<name>lego</name>
		<pose>Unspecified</pose>
		<truncated>0</truncated>
		<difficult>0</difficult>
		<bndbox>
			<xmin>216</xmin>
			<ymin>189</ymin>
			<xmax>335</xmax>
			<ymax>359</ymax>
		</bndbox>
	</object>
</annotation>
